,date,tic,anomaly
0,2015-10-02,BH,False
1,2015-10-02,BH,False
2,2015-10-02,BH,False
3,2015-10-02,BH,False
4,2015-10-05,BH,False
5,2015-10-05,BH,False
6,2015-10-05,BH,False
7,2015-10-05,BH,False
8,2015-10-05,BH,False
9,2015-10-05,BH,False
10,2015-10-05,BH,False
11,2015-10-05,BH,False
12,2015-10-05,BH,False
13,2015-10-05,BH,False
14,2015-10-05,BH,False
15,2015-10-05,BH,False
16,2015-10-05,BH,False
17,2015-10-05,BH,False
18,2015-10-05,BH,False
19,2015-10-05,BH,False
20,2015-10-05,BH,False
21,2015-10-06,BH,False
22,2015-10-06,BH,False
23,2015-10-06,BH,False
24,2015-10-06,BH,False
25,2015-10-06,BH,False
26,2015-10-06,BH,False
27,2015-10-06,BH,False
28,2015-10-06,BH,False
29,2015-10-06,BH,False
30,2015-10-06,BH,False
31,2015-10-06,BH,False
32,2015-10-06,BH,False
33,2015-10-06,BH,False
34,2015-10-06,BH,False
35,2015-10-06,BH,False
36,2015-10-06,BH,False
37,2015-10-06,BH,False
38,2015-10-07,BH,False
39,2015-10-07,BH,False
40,2015-10-07,BH,False
41,2015-10-07,BH,False
42,2015-10-07,BH,False
43,2015-10-07,BH,False
44,2015-10-07,BH,False
45,2015-10-07,BH,False
46,2015-10-07,BH,False
47,2015-10-07,BH,False
48,2015-10-07,BH,False
49,2015-10-07,BH,False
50,2015-10-07,BH,False
51,2015-10-07,BH,False
52,2015-10-07,BH,False
53,2015-10-07,BH,False
54,2015-10-07,BH,False
55,2015-10-08,BH,False
56,2015-10-08,BH,False
57,2015-10-08,BH,False
58,2015-10-08,BH,False
59,2015-10-08,BH,False
60,2015-10-08,BH,False
61,2015-10-08,BH,False
62,2015-10-08,BH,False
63,2015-10-08,BH,False
64,2015-10-08,BH,False
65,2015-10-08,BH,False
66,2015-10-08,BH,False
67,2015-10-08,BH,False
68,2015-10-08,BH,False
69,2015-10-08,BH,False
70,2015-10-08,BH,False
71,2015-10-08,BH,False
72,2015-10-09,BH,False
73,2015-10-09,BH,False
74,2015-10-09,BH,False
75,2015-10-09,BH,False
76,2015-10-09,BH,False
77,2015-10-09,BH,False
78,2015-10-09,BH,False
79,2015-10-09,BH,False
80,2015-10-09,BH,False
81,2015-10-09,BH,False
82,2015-10-09,BH,False
83,2015-10-09,BH,False
84,2015-10-09,BH,False
85,2015-10-09,BH,False
86,2015-10-09,BH,False
87,2015-10-09,BH,False
88,2015-10-09,BH,False
89,2015-10-12,BH,False
90,2015-10-12,BH,False
91,2015-10-12,BH,False
92,2015-10-12,BH,False
93,2015-10-12,BH,False
94,2015-10-12,BH,False
95,2015-10-12,BH,False
96,2015-10-12,BH,False
97,2015-10-12,BH,False
98,2015-10-12,BH,False
99,2015-10-12,BH,False
100,2015-10-12,BH,False
101,2015-10-12,BH,False
102,2015-10-12,BH,False
103,2015-10-12,BH,False
104,2015-10-12,BH,False
105,2015-10-12,BH,False
106,2015-10-13,BH,False
107,2015-10-13,BH,False
108,2015-10-13,BH,False
109,2015-10-13,BH,False
110,2015-10-13,BH,False
111,2015-10-13,BH,False
112,2015-10-13,BH,False
113,2015-10-13,BH,False
114,2015-10-13,BH,False
115,2015-10-13,BH,False
116,2015-10-13,BH,False
117,2015-10-13,BH,False
118,2015-10-13,BH,False
119,2015-10-13,BH,False
120,2015-10-13,BH,False
121,2015-10-13,BH,False
122,2015-10-13,BH,False
123,2015-10-14,BH,False
124,2015-10-14,BH,False
125,2015-10-14,BH,False
126,2015-10-14,BH,False
127,2015-10-14,BH,False
128,2015-10-14,BH,False
129,2015-10-14,BH,False
130,2015-10-14,BH,False
131,2015-10-14,BH,False
132,2015-10-14,BH,False
133,2015-10-14,BH,False
134,2015-10-14,BH,False
135,2015-10-14,BH,False
136,2015-10-14,BH,False
137,2015-10-14,BH,False
138,2015-10-14,BH,False
139,2015-10-14,BH,False
140,2015-10-15,BH,False
141,2015-10-15,BH,False
142,2015-10-15,BH,False
143,2015-10-15,BH,False
144,2015-10-15,BH,False
145,2015-10-15,BH,False
146,2015-10-15,BH,False
147,2015-10-15,BH,False
148,2015-10-15,BH,False
149,2015-10-15,BH,False
150,2015-10-15,BH,False
151,2015-10-15,BH,False
152,2015-10-15,BH,False
153,2015-10-15,BH,False
154,2015-10-15,BH,False
155,2015-10-15,BH,False
156,2015-10-15,BH,False
157,2015-10-16,BH,False
158,2015-10-16,BH,False
159,2015-10-16,BH,False
160,2015-10-16,BH,False
161,2015-10-16,BH,False
162,2015-10-16,BH,False
163,2015-10-16,BH,False
164,2015-10-16,BH,False
165,2015-10-16,BH,False
166,2015-10-16,BH,True
167,2015-10-16,BH,False
168,2015-10-16,BH,False
169,2015-10-16,BH,False
170,2015-10-16,BH,False
171,2015-10-16,BH,False
172,2015-10-16,BH,False
173,2015-10-16,BH,False
174,2015-10-19,BH,False
175,2015-10-19,BH,False
176,2015-10-19,BH,False
177,2015-10-19,BH,False
178,2015-10-19,BH,False
179,2015-10-19,BH,False
180,2015-10-19,BH,False
181,2015-10-19,BH,False
182,2015-10-19,BH,False
183,2015-10-19,BH,False
184,2015-10-19,BH,False
185,2015-10-19,BH,False
186,2015-10-19,BH,False
187,2015-10-19,BH,False
188,2015-10-19,BH,False
189,2015-10-19,BH,False
190,2015-10-19,BH,False
191,2015-10-20,BH,False
192,2015-10-20,BH,False
193,2015-10-20,BH,False
194,2015-10-20,BH,False
195,2015-10-20,BH,False
196,2015-10-20,BH,False
197,2015-10-20,BH,False
198,2015-10-20,BH,False
199,2015-10-20,BH,False
200,2015-10-20,BH,False
201,2015-10-20,BH,False
202,2015-10-20,BH,False
203,2015-10-20,BH,False
204,2015-10-20,BH,False
205,2015-10-20,BH,False
206,2015-10-20,BH,False
207,2015-10-20,BH,False
208,2015-10-21,BH,False
209,2015-10-21,BH,False
210,2015-10-21,BH,False
211,2015-10-21,BH,False
212,2015-10-21,BH,False
213,2015-10-21,BH,False
214,2015-10-21,BH,False
215,2015-10-21,BH,False
216,2015-10-21,BH,False
217,2015-10-21,BH,False
218,2015-10-21,BH,False
219,2015-10-21,BH,True
220,2015-10-21,BH,False
221,2015-10-21,BH,False
222,2015-10-21,BH,False
223,2015-10-21,BH,False
224,2015-10-21,BH,False
225,2015-10-22,BH,False
226,2015-10-22,BH,False
227,2015-10-22,BH,False
228,2015-10-22,BH,False
229,2015-10-22,BH,False
230,2015-10-22,BH,False
231,2015-10-22,BH,False
232,2015-10-22,BH,False
233,2015-10-22,BH,False
234,2015-10-22,BH,True
235,2015-10-22,BH,False
236,2015-10-22,BH,False
237,2015-10-22,BH,False
238,2015-10-22,BH,True
239,2015-10-22,BH,False
240,2015-10-22,BH,False
241,2015-10-22,BH,False
242,2015-10-23,BH,False
243,2015-10-23,BH,True
244,2015-10-23,BH,False
245,2015-10-23,BH,False
246,2015-10-23,BH,False
247,2015-10-23,BH,False
248,2015-10-23,BH,False
249,2015-10-23,BH,False
250,2015-10-23,BH,False
251,2015-10-23,BH,False
252,2015-10-23,BH,False
253,2015-10-23,BH,False
254,2015-10-23,BH,True
255,2015-10-23,BH,False
256,2015-10-23,BH,False
257,2015-10-23,BH,False
258,2015-10-23,BH,False
259,2015-10-26,BH,False
260,2015-10-26,BH,False
261,2015-10-26,BH,False
262,2015-10-26,BH,False
263,2015-10-26,BH,False
264,2015-10-26,BH,False
265,2015-10-26,BH,False
266,2015-10-26,BH,False
267,2015-10-26,BH,False
268,2015-10-26,BH,False
269,2015-10-26,BH,False
270,2015-10-26,BH,False
271,2015-10-26,BH,False
272,2015-10-26,BH,False
273,2015-10-26,BH,False
274,2015-10-26,BH,True
275,2015-10-26,BH,False
276,2015-10-27,BH,False
277,2015-10-27,BH,False
278,2015-10-27,BH,False
279,2015-10-27,BH,False
280,2015-10-27,BH,False
281,2015-10-27,BH,False
282,2015-10-27,BH,False
283,2015-10-27,BH,False
284,2015-10-27,BH,False
285,2015-10-27,BH,False
286,2015-10-27,BH,False
287,2015-10-27,BH,False
288,2015-10-27,BH,False
289,2015-10-27,BH,False
290,2015-10-27,BH,False
291,2015-10-27,BH,False
292,2015-10-27,BH,False
293,2015-10-28,BH,False
294,2015-10-28,BH,False
295,2015-10-28,BH,False
296,2015-10-28,BH,False
297,2015-10-28,BH,False
298,2015-10-28,BH,False
299,2015-10-28,BH,False
300,2015-10-28,BH,False
301,2015-10-28,BH,False
302,2015-10-28,BH,False
303,2015-10-28,BH,False
304,2015-10-28,BH,False
305,2015-10-28,BH,False
306,2015-10-28,BH,False
307,2015-10-28,BH,False
308,2015-10-28,BH,False
309,2015-10-28,BH,False
310,2015-10-29,BH,False
311,2015-10-29,BH,False
312,2015-10-29,BH,False
313,2015-10-29,BH,False
314,2015-10-29,BH,False
315,2015-10-29,BH,False
316,2015-10-29,BH,False
317,2015-10-29,BH,False
318,2015-10-29,BH,False
319,2015-10-29,BH,True
320,2015-10-29,BH,False
321,2015-10-29,BH,False
322,2015-10-29,BH,False
323,2015-10-29,BH,False
324,2015-10-29,BH,False
325,2015-10-29,BH,False
326,2015-10-29,BH,False
327,2015-10-30,BH,False
328,2015-10-30,BH,False
329,2015-10-30,BH,False
330,2015-10-30,BH,False
331,2015-10-30,BH,False
332,2015-10-30,BH,False
333,2015-10-30,BH,False
334,2015-10-30,BH,False
335,2015-10-30,BH,False
336,2015-10-30,BH,False
337,2015-10-30,BH,False
338,2015-10-30,BH,False
339,2015-10-30,BH,False
340,2015-10-30,BH,False
341,2015-10-30,BH,False
342,2015-10-30,BH,False
343,2015-10-30,BH,False
344,2015-11-02,BH,False
345,2015-11-02,BH,False
346,2015-11-02,BH,False
347,2015-11-02,BH,False
348,2015-11-02,BH,False
349,2015-11-02,BH,False
350,2015-11-02,BH,False
351,2015-11-02,BH,False
352,2015-11-02,BH,False
353,2015-11-02,BH,False
354,2015-11-02,BH,False
355,2015-11-02,BH,False
356,2015-11-02,BH,False
357,2015-11-02,BH,False
358,2015-11-02,BH,False
359,2015-11-02,BH,False
360,2015-11-02,BH,False
361,2015-11-03,BH,False
362,2015-11-03,BH,False
363,2015-11-03,BH,False
364,2015-11-03,BH,False
365,2015-11-03,BH,False
366,2015-11-03,BH,False
367,2015-11-03,BH,False
368,2015-11-03,BH,False
369,2015-11-03,BH,False
370,2015-11-03,BH,False
371,2015-11-03,BH,False
372,2015-11-03,BH,False
373,2015-11-03,BH,False
374,2015-11-03,BH,False
375,2015-11-03,BH,False
376,2015-11-03,BH,False
377,2015-11-03,BH,False
378,2015-11-04,BH,False
379,2015-11-04,BH,False
380,2015-11-04,BH,False
381,2015-11-04,BH,False
382,2015-11-04,BH,False
383,2015-11-04,BH,False
384,2015-11-04,BH,False
385,2015-11-04,BH,False
386,2015-11-04,BH,False
387,2015-11-04,BH,False
388,2015-11-04,BH,False
389,2015-11-04,BH,False
390,2015-11-04,BH,False
391,2015-11-04,BH,False
392,2015-11-04,BH,False
393,2015-11-04,BH,False
394,2015-11-04,BH,False
395,2015-11-05,BH,False
396,2015-11-05,BH,False
397,2015-11-05,BH,False
398,2015-11-05,BH,False
399,2015-11-05,BH,False
400,2015-11-05,BH,False
401,2015-11-05,BH,False
402,2015-11-05,BH,False
403,2015-11-05,BH,False
404,2015-11-05,BH,False
405,2015-11-05,BH,False
406,2015-11-05,BH,False
407,2015-11-05,BH,False
408,2015-11-05,BH,False
409,2015-11-05,BH,False
410,2015-11-05,BH,False
411,2015-11-05,BH,False
412,2015-11-06,BH,False
413,2015-11-06,BH,False
414,2015-11-06,BH,False
415,2015-11-06,BH,False
416,2015-11-06,BH,False
417,2015-11-06,BH,False
418,2015-11-06,BH,False
419,2015-11-06,BH,False
420,2015-11-06,BH,False
421,2015-11-06,BH,False
422,2015-11-06,BH,False
423,2015-11-06,BH,False
424,2015-11-06,BH,False
425,2015-11-06,BH,False
426,2015-11-06,BH,False
427,2015-11-06,BH,False
428,2015-11-06,BH,False
429,2015-11-09,BH,False
430,2015-11-09,BH,False
431,2015-11-09,BH,False
432,2015-11-09,BH,False
433,2015-11-09,BH,False
434,2015-11-09,BH,False
435,2015-11-09,BH,False
436,2015-11-09,BH,False
437,2015-11-09,BH,False
438,2015-11-09,BH,False
439,2015-11-09,BH,False
440,2015-11-09,BH,False
441,2015-11-09,BH,False
442,2015-11-09,BH,False
443,2015-11-09,BH,False
444,2015-11-09,BH,False
445,2015-11-09,BH,False
446,2015-11-10,BH,False
447,2015-11-10,BH,False
448,2015-11-10,BH,False
449,2015-11-10,BH,False
450,2015-11-10,BH,False
451,2015-11-10,BH,False
452,2015-11-10,BH,False
453,2015-11-10,BH,False
454,2015-11-10,BH,False
455,2015-11-10,BH,False
456,2015-11-10,BH,False
457,2015-11-10,BH,False
458,2015-11-10,BH,False
459,2015-11-10,BH,False
460,2015-11-10,BH,False
461,2015-11-10,BH,False
462,2015-11-10,BH,False
463,2015-11-11,BH,False
464,2015-11-11,BH,False
465,2015-11-11,BH,False
466,2015-11-11,BH,False
467,2015-11-11,BH,False
468,2015-11-11,BH,False
469,2015-11-11,BH,False
470,2015-11-11,BH,False
471,2015-11-11,BH,False
472,2015-11-11,BH,False
473,2015-11-11,BH,False
474,2015-11-11,BH,False
475,2015-11-11,BH,False
476,2015-11-11,BH,False
477,2015-11-11,BH,False
478,2015-11-11,BH,False
479,2015-11-11,BH,False
480,2015-11-12,BH,False
481,2015-11-12,BH,False
482,2015-11-12,BH,False
483,2015-11-12,BH,False
484,2015-11-12,BH,False
485,2015-11-12,BH,False
486,2015-11-12,BH,False
487,2015-11-12,BH,False
488,2015-11-12,BH,False
489,2015-11-12,BH,False
490,2015-11-12,BH,False
491,2015-11-12,BH,False
492,2015-11-12,BH,False
493,2015-11-12,BH,False
494,2015-11-12,BH,False
495,2015-11-12,BH,False
496,2015-11-12,BH,False
497,2015-11-13,BH,False
498,2015-11-13,BH,True
499,2015-11-13,BH,False
500,2015-11-13,BH,False
501,2015-11-13,BH,False
502,2015-11-13,BH,False
503,2015-11-13,BH,False
504,2015-11-13,BH,False
505,2015-11-13,BH,False
506,2015-11-13,BH,False
507,2015-11-13,BH,True
508,2015-11-13,BH,False
509,2015-11-13,BH,False
510,2015-11-13,BH,False
511,2015-11-13,BH,False
512,2015-11-13,BH,False
513,2015-11-13,BH,True
514,2015-11-16,BH,False
515,2015-11-16,BH,False
516,2015-11-16,BH,False
517,2015-11-16,BH,False
518,2015-11-16,BH,False
519,2015-11-16,BH,False
520,2015-11-16,BH,False
521,2015-11-16,BH,False
522,2015-11-16,BH,False
523,2015-11-16,BH,False
524,2015-11-16,BH,False
525,2015-11-16,BH,False
526,2015-11-16,BH,False
527,2015-11-16,BH,False
528,2015-11-16,BH,False
529,2015-11-16,BH,False
530,2015-11-16,BH,False
531,2015-11-17,BH,False
532,2015-11-17,BH,False
533,2015-11-17,BH,False
534,2015-11-17,BH,False
535,2015-11-17,BH,False
536,2015-11-17,BH,False
537,2015-11-17,BH,False
538,2015-11-17,BH,False
539,2015-11-17,BH,False
540,2015-11-17,BH,False
541,2015-11-17,BH,False
542,2015-11-17,BH,False
543,2015-11-17,BH,False
544,2015-11-17,BH,False
545,2015-11-17,BH,False
546,2015-11-17,BH,False
547,2015-11-17,BH,False
548,2015-11-18,BH,False
549,2015-11-18,BH,False
550,2015-11-18,BH,False
551,2015-11-18,BH,False
552,2015-11-18,BH,False
553,2015-11-18,BH,False
554,2015-11-18,BH,False
555,2015-11-18,BH,False
556,2015-11-18,BH,False
557,2015-11-18,BH,False
558,2015-11-18,BH,False
559,2015-11-18,BH,False
560,2015-11-18,BH,False
561,2015-11-18,BH,False
562,2015-11-18,BH,False
563,2015-11-18,BH,False
564,2015-11-18,BH,False
565,2015-11-19,BH,False
566,2015-11-19,BH,False
567,2015-11-19,BH,False
568,2015-11-19,BH,False
569,2015-11-19,BH,False
570,2015-11-19,BH,False
571,2015-11-19,BH,False
572,2015-11-19,BH,False
573,2015-11-19,BH,False
574,2015-11-19,BH,False
575,2015-11-19,BH,False
576,2015-11-19,BH,False
577,2015-11-19,BH,False
578,2015-11-19,BH,False
579,2015-11-19,BH,False
580,2015-11-19,BH,False
581,2015-11-19,BH,False
582,2015-11-20,BH,False
583,2015-11-20,BH,False
584,2015-11-20,BH,False
585,2015-11-20,BH,False
586,2015-11-20,BH,False
587,2015-11-20,BH,True
588,2015-11-20,BH,False
589,2015-11-20,BH,False
590,2015-11-20,BH,False
591,2015-11-20,BH,False
592,2015-11-20,BH,False
593,2015-11-20,BH,False
594,2015-11-20,BH,False
595,2015-11-20,BH,False
596,2015-11-20,BH,False
597,2015-11-20,BH,False
598,2015-11-20,BH,False
599,2015-11-23,BH,False
600,2015-11-23,BH,False
601,2015-11-23,BH,False
602,2015-11-23,BH,False
603,2015-11-23,BH,False
604,2015-11-23,BH,False
605,2015-11-23,BH,False
606,2015-11-23,BH,False
607,2015-11-23,BH,False
608,2015-11-23,BH,False
609,2015-11-23,BH,False
610,2015-11-23,BH,False
611,2015-11-23,BH,False
612,2015-11-23,BH,False
613,2015-11-23,BH,False
614,2015-11-23,BH,False
615,2015-11-23,BH,False
616,2015-11-24,BH,False
617,2015-11-24,BH,False
618,2015-11-24,BH,False
619,2015-11-24,BH,False
620,2015-11-24,BH,False
621,2015-11-24,BH,False
622,2015-11-24,BH,False
623,2015-11-24,BH,False
624,2015-11-24,BH,False
625,2015-11-24,BH,False
626,2015-11-24,BH,False
627,2015-11-24,BH,False
628,2015-11-24,BH,False
629,2015-11-24,BH,False
630,2015-11-24,BH,False
631,2015-11-24,BH,False
632,2015-11-24,BH,False
633,2015-11-25,BH,False
634,2015-11-25,BH,False
635,2015-11-25,BH,False
636,2015-11-25,BH,False
637,2015-11-25,BH,False
638,2015-11-25,BH,False
639,2015-11-25,BH,False
640,2015-11-25,BH,False
641,2015-11-25,BH,False
642,2015-11-25,BH,False
643,2015-11-25,BH,False
644,2015-11-25,BH,False
645,2015-11-25,BH,False
646,2015-11-25,BH,False
647,2015-11-25,BH,False
648,2015-11-25,BH,False
649,2015-11-25,BH,False
650,2015-11-27,BH,False
651,2015-11-27,BH,False
652,2015-11-27,BH,False
653,2015-11-27,BH,False
654,2015-11-27,BH,False
655,2015-11-27,BH,False
656,2015-11-27,BH,False
657,2015-11-27,BH,False
658,2015-11-27,BH,False
659,2015-11-27,BH,False
660,2015-11-27,BH,False
661,2015-11-27,BH,False
662,2015-11-27,BH,False
663,2015-11-27,BH,False
664,2015-11-27,BH,False
665,2015-11-27,BH,False
666,2015-11-27,BH,False
667,2015-11-30,BH,False
668,2015-11-30,BH,False
669,2015-11-30,BH,False
670,2015-11-30,BH,False
671,2015-11-30,BH,False
672,2015-11-30,BH,False
673,2015-11-30,BH,False
674,2015-11-30,BH,False
675,2015-11-30,BH,False
676,2015-11-30,BH,False
677,2015-11-30,BH,False
678,2015-11-30,BH,False
679,2015-11-30,BH,False
680,2015-11-30,BH,False
681,2015-11-30,BH,False
682,2015-11-30,BH,False
683,2015-11-30,BH,False
684,2015-12-01,BH,False
685,2015-12-01,BH,False
686,2015-12-01,BH,False
687,2015-12-01,BH,False
688,2015-12-01,BH,False
689,2015-12-01,BH,False
690,2015-12-01,BH,False
691,2015-12-01,BH,False
692,2015-12-01,BH,False
693,2015-12-01,BH,False
694,2015-12-01,BH,False
695,2015-12-01,BH,False
696,2015-12-01,BH,False
697,2015-12-01,BH,False
698,2015-12-01,BH,False
699,2015-12-01,BH,False
700,2015-12-01,BH,False
701,2015-12-02,BH,False
702,2015-12-02,BH,False
703,2015-12-02,BH,False
704,2015-12-02,BH,False
705,2015-12-02,BH,False
706,2015-12-02,BH,False
707,2015-12-02,BH,False
708,2015-12-02,BH,False
709,2015-12-02,BH,False
710,2015-12-02,BH,False
711,2015-12-02,BH,False
712,2015-12-02,BH,False
713,2015-12-02,BH,False
714,2015-12-02,BH,False
715,2015-12-02,BH,False
716,2015-12-02,BH,False
717,2015-12-02,BH,False
718,2015-12-03,BH,False
719,2015-12-03,BH,False
720,2015-12-03,BH,False
721,2015-12-03,BH,False
722,2015-12-03,BH,False
723,2015-12-03,BH,False
724,2015-12-03,BH,False
725,2015-12-03,BH,False
726,2015-12-03,BH,False
727,2015-12-03,BH,False
728,2015-12-03,BH,False
729,2015-12-03,BH,False
730,2015-12-03,BH,False
731,2015-12-03,BH,False
732,2015-12-03,BH,False
733,2015-12-03,BH,False
734,2015-12-03,BH,False
735,2015-12-04,BH,False
736,2015-12-04,BH,False
737,2015-12-04,BH,False
738,2015-12-04,BH,False
739,2015-12-04,BH,False
740,2015-12-04,BH,False
741,2015-12-04,BH,False
742,2015-12-04,BH,False
743,2015-12-04,BH,False
744,2015-12-04,BH,False
745,2015-12-04,BH,False
746,2015-12-04,BH,False
747,2015-12-04,BH,False
748,2015-12-04,BH,False
749,2015-12-04,BH,False
750,2015-12-04,BH,False
751,2015-12-04,BH,False
752,2015-12-07,BH,False
753,2015-12-07,BH,False
754,2015-12-07,BH,False
755,2015-12-07,BH,False
756,2015-12-07,BH,False
757,2015-12-07,BH,False
758,2015-12-07,BH,False
759,2015-12-07,BH,False
760,2015-12-07,BH,False
761,2015-12-07,BH,False
762,2015-12-07,BH,False
763,2015-12-07,BH,False
764,2015-12-07,BH,False
765,2015-12-07,BH,False
766,2015-12-07,BH,False
767,2015-12-07,BH,False
768,2015-12-07,BH,False
769,2015-12-08,BH,False
770,2015-12-08,BH,False
771,2015-12-08,BH,False
772,2015-12-08,BH,False
773,2015-12-08,BH,False
774,2015-12-08,BH,False
775,2015-12-08,BH,False
776,2015-12-08,BH,False
777,2015-12-08,BH,False
778,2015-12-08,BH,False
779,2015-12-08,BH,False
780,2015-12-08,BH,False
781,2015-12-08,BH,False
782,2015-12-08,BH,False
783,2015-12-08,BH,False
784,2015-12-08,BH,False
785,2015-12-08,BH,False
786,2015-12-09,BH,False
787,2015-12-09,BH,False
788,2015-12-09,BH,False
789,2015-12-09,BH,False
790,2015-12-09,BH,False
791,2015-12-09,BH,False
792,2015-12-09,BH,False
793,2015-12-09,BH,False
794,2015-12-09,BH,False
795,2015-12-09,BH,False
796,2015-12-09,BH,False
797,2015-12-09,BH,False
798,2015-12-09,BH,False
799,2015-12-09,BH,False
800,2015-12-09,BH,False
801,2015-12-09,BH,False
802,2015-12-09,BH,False
803,2015-12-10,BH,False
804,2015-12-10,BH,False
805,2015-12-10,BH,False
806,2015-12-10,BH,False
807,2015-12-10,BH,False
808,2015-12-10,BH,False
809,2015-12-10,BH,False
810,2015-12-10,BH,False
811,2015-12-10,BH,False
812,2015-12-10,BH,False
813,2015-12-10,BH,False
814,2015-12-10,BH,False
815,2015-12-10,BH,False
816,2015-12-10,BH,False
817,2015-12-10,BH,False
818,2015-12-10,BH,False
819,2015-12-10,BH,False
820,2015-12-11,BH,False
821,2015-12-11,BH,False
822,2015-12-11,BH,False
823,2015-12-11,BH,False
824,2015-12-11,BH,False
825,2015-12-11,BH,False
826,2015-12-11,BH,False
827,2015-12-11,BH,False
828,2015-12-11,BH,False
829,2015-12-11,BH,False
830,2015-12-11,BH,False
831,2015-12-11,BH,False
832,2015-12-11,BH,False
833,2015-12-11,BH,False
834,2015-12-11,BH,False
835,2015-12-11,BH,False
836,2015-12-11,BH,False
837,2015-12-14,BH,False
838,2015-12-14,BH,False
839,2015-12-14,BH,False
840,2015-12-14,BH,False
841,2015-12-14,BH,False
842,2015-12-14,BH,False
843,2015-12-14,BH,False
844,2015-12-14,BH,False
845,2015-12-14,BH,False
846,2015-12-14,BH,False
847,2015-12-14,BH,False
848,2015-12-14,BH,False
849,2015-12-14,BH,False
850,2015-12-14,BH,False
851,2015-12-14,BH,False
852,2015-12-14,BH,False
853,2015-12-14,BH,False
854,2015-12-15,BH,False
855,2015-12-15,BH,False
856,2015-12-15,BH,False
857,2015-12-15,BH,False
858,2015-12-15,BH,False
859,2015-12-15,BH,False
860,2015-12-15,BH,False
861,2015-12-15,BH,False
862,2015-12-15,BH,False
863,2015-12-15,BH,False
864,2015-12-15,BH,False
865,2015-12-15,BH,False
866,2015-12-15,BH,False
867,2015-12-15,BH,False
868,2015-12-15,BH,False
869,2015-12-15,BH,False
870,2015-12-15,BH,False
871,2015-12-16,BH,False
872,2015-12-16,BH,False
873,2015-12-16,BH,False
874,2015-12-16,BH,False
875,2015-12-16,BH,False
876,2015-12-16,BH,False
877,2015-12-16,BH,False
878,2015-12-16,BH,False
879,2015-12-16,BH,False
880,2015-12-16,BH,False
881,2015-12-16,BH,False
882,2015-12-16,BH,False
883,2015-12-16,BH,False
884,2015-12-16,BH,False
885,2015-12-16,BH,False
886,2015-12-16,BH,False
887,2015-12-16,BH,False
888,2015-12-17,BH,False
889,2015-12-17,BH,False
890,2015-12-17,BH,False
891,2015-12-17,BH,False
892,2015-12-17,BH,False
893,2015-12-17,BH,False
894,2015-12-17,BH,False
895,2015-12-17,BH,False
896,2015-12-17,BH,False
897,2015-12-17,BH,False
898,2015-12-17,BH,False
899,2015-12-17,BH,False
900,2015-12-17,BH,False
901,2015-12-17,BH,False
902,2015-12-17,BH,False
903,2015-12-17,BH,False
904,2015-12-17,BH,False
905,2015-12-18,BH,False
906,2015-12-18,BH,False
907,2015-12-18,BH,False
908,2015-12-18,BH,True
909,2015-12-18,BH,False
910,2015-12-18,BH,False
911,2015-12-18,BH,False
912,2015-12-18,BH,False
913,2015-12-18,BH,False
914,2015-12-18,BH,False
915,2015-12-18,BH,False
916,2015-12-18,BH,False
917,2015-12-18,BH,False
918,2015-12-18,BH,False
919,2015-12-18,BH,False
920,2015-12-18,BH,False
921,2015-12-18,BH,False
922,2015-12-21,BH,False
923,2015-12-21,BH,False
924,2015-12-21,BH,False
925,2015-12-21,BH,False
926,2015-12-21,BH,False
927,2015-12-21,BH,False
928,2015-12-21,BH,False
929,2015-12-21,BH,False
930,2015-12-21,BH,False
931,2015-12-21,BH,False
932,2015-12-21,BH,False
933,2015-12-21,BH,False
934,2015-12-21,BH,False
935,2015-12-21,BH,False
936,2015-12-21,BH,False
937,2015-12-21,BH,False
938,2015-12-21,BH,False
939,2015-12-22,BH,False
940,2015-12-22,BH,False
941,2015-12-22,BH,False
942,2015-12-22,BH,False
943,2015-12-22,BH,False
944,2015-12-22,BH,False
945,2015-12-22,BH,False
946,2015-12-22,BH,False
947,2015-12-22,BH,False
948,2015-12-22,BH,False
949,2015-12-22,BH,False
950,2015-12-22,BH,False
951,2015-12-22,BH,False
952,2015-12-22,BH,False
953,2015-12-22,BH,False
954,2015-12-22,BH,False
955,2015-12-22,BH,False
956,2015-12-23,BH,False
957,2015-12-23,BH,False
958,2015-12-23,BH,False
959,2015-12-23,BH,False
960,2015-12-23,BH,False
961,2015-12-23,BH,False
962,2015-12-23,BH,False
963,2015-12-23,BH,False
964,2015-12-23,BH,False
965,2015-12-23,BH,False
966,2015-12-23,BH,False
967,2015-12-23,BH,False
968,2015-12-23,BH,False
969,2015-12-23,BH,False
970,2015-12-23,BH,False
971,2015-12-23,BH,False
972,2015-12-23,BH,False
973,2015-12-24,BH,False
974,2015-12-24,BH,False
975,2015-12-24,BH,False
976,2015-12-24,BH,False
977,2015-12-24,BH,False
978,2015-12-24,BH,False
979,2015-12-24,BH,False
980,2015-12-24,BH,False
981,2015-12-24,BH,False
982,2015-12-24,BH,False
983,2015-12-24,BH,False
984,2015-12-24,BH,False
985,2015-12-24,BH,False
986,2015-12-24,BH,False
987,2015-12-24,BH,False
988,2015-12-24,BH,False
989,2015-12-24,BH,False
990,2015-12-28,BH,False
991,2015-12-28,BH,False
992,2015-12-28,BH,False
993,2015-12-28,BH,False
994,2015-12-28,BH,False
995,2015-12-28,BH,False
996,2015-12-28,BH,False
997,2015-12-28,BH,False
998,2015-12-28,BH,False
999,2015-12-28,BH,False
1000,2015-12-28,BH,False
1001,2015-12-28,BH,False
1002,2015-12-28,BH,False
1003,2015-12-28,BH,False
1004,2015-12-28,BH,False
1005,2015-12-28,BH,False
1006,2015-12-28,BH,False
1007,2015-12-29,BH,False
1008,2015-12-29,BH,False
1009,2015-12-29,BH,False
1010,2015-12-29,BH,False
1011,2015-12-29,BH,False
1012,2015-12-29,BH,False
1013,2015-12-29,BH,False
1014,2015-12-29,BH,False
1015,2015-12-29,BH,False
1016,2015-12-29,BH,False
1017,2015-12-29,BH,False
1018,2015-12-29,BH,False
1019,2015-12-29,BH,False
1020,2015-12-29,BH,False
1021,2015-12-29,BH,False
1022,2015-12-29,BH,False
1023,2015-12-29,BH,False
1024,2015-12-30,BH,False
1025,2015-12-30,BH,False
1026,2015-12-30,BH,False
1027,2015-12-30,BH,False
1028,2015-12-30,BH,False
1029,2015-12-30,BH,False
1030,2015-12-30,BH,False
1031,2015-12-30,BH,False
1032,2015-12-30,BH,False
1033,2015-12-30,BH,False
1034,2015-12-30,BH,False
1035,2015-12-30,BH,False
1036,2015-12-30,BH,False
1037,2015-12-30,BH,False
1038,2015-12-30,BH,False
1039,2015-12-30,BH,False
1040,2015-12-30,BH,False
1041,2015-12-31,BH,False
1042,2015-12-31,BH,False
1043,2015-12-31,BH,False
1044,2015-12-31,BH,False
1045,2015-12-31,BH,False
1046,2015-12-31,BH,False
1047,2015-12-31,BH,False
1048,2015-12-31,BH,False
1049,2015-12-31,BH,False
1050,2015-12-31,BH,False
1051,2015-12-31,BH,False
1052,2015-12-31,BH,False
1053,2015-12-31,BH,False
1054,2015-12-31,BH,False
1055,2015-12-31,BH,False
1056,2015-12-31,BH,False
1057,2015-12-31,BH,False
1058,2016-01-04,BH,False
1059,2016-01-04,BH,False
1060,2016-01-04,BH,False
1061,2016-01-04,BH,False
1062,2016-01-04,BH,False
1063,2016-01-04,BH,False
1064,2016-01-04,BH,True
1065,2016-01-04,BH,False
1066,2016-01-04,BH,False
1067,2016-01-04,BH,False
1068,2016-01-04,BH,False
1069,2016-01-04,BH,False
1070,2016-01-04,BH,True
1071,2016-01-04,BH,False
1072,2016-01-04,BH,True
1073,2016-01-04,BH,False
1074,2016-01-04,BH,False
1075,2016-01-05,BH,False
1076,2016-01-05,BH,False
1077,2016-01-05,BH,False
1078,2016-01-05,BH,False
1079,2016-01-05,BH,False
1080,2016-01-05,BH,False
1081,2016-01-05,BH,False
1082,2016-01-05,BH,False
1083,2016-01-05,BH,False
1084,2016-01-05,BH,False
1085,2016-01-05,BH,False
1086,2016-01-05,BH,True
1087,2016-01-05,BH,False
1088,2016-01-05,BH,False
1089,2016-01-05,BH,False
1090,2016-01-05,BH,True
1091,2016-01-05,BH,False
1092,2016-01-06,BH,False
1093,2016-01-06,BH,False
1094,2016-01-06,BH,False
1095,2016-01-06,BH,False
1096,2016-01-06,BH,False
1097,2016-01-06,BH,False
1098,2016-01-06,BH,False
1099,2016-01-06,BH,False
1100,2016-01-06,BH,False
1101,2016-01-06,BH,False
1102,2016-01-06,BH,False
1103,2016-01-06,BH,False
1104,2016-01-06,BH,False
1105,2016-01-06,BH,False
1106,2016-01-06,BH,False
1107,2016-01-06,BH,False
1108,2016-01-06,BH,False
1109,2016-01-07,BH,False
1110,2016-01-07,BH,False
1111,2016-01-07,BH,False
1112,2016-01-07,BH,False
1113,2016-01-07,BH,False
1114,2016-01-07,BH,False
1115,2016-01-07,BH,False
1116,2016-01-07,BH,False
1117,2016-01-07,BH,False
1118,2016-01-07,BH,False
1119,2016-01-07,BH,False
1120,2016-01-07,BH,False
1121,2016-01-07,BH,False
1122,2016-01-07,BH,False
1123,2016-01-07,BH,False
1124,2016-01-07,BH,False
1125,2016-01-07,BH,False
1126,2016-01-08,BH,False
1127,2016-01-08,BH,False
1128,2016-01-08,BH,False
1129,2016-01-08,BH,False
1130,2016-01-08,BH,False
1131,2016-01-08,BH,False
1132,2016-01-08,BH,False
1133,2016-01-08,BH,False
1134,2016-01-08,BH,False
1135,2016-01-08,BH,False
1136,2016-01-08,BH,False
1137,2016-01-08,BH,False
1138,2016-01-08,BH,False
1139,2016-01-08,BH,False
1140,2016-01-08,BH,False
1141,2016-01-08,BH,False
1142,2016-01-08,BH,False
1143,2016-01-11,BH,False
1144,2016-01-11,BH,False
1145,2016-01-11,BH,False
1146,2016-01-11,BH,False
1147,2016-01-11,BH,False
1148,2016-01-11,BH,False
1149,2016-01-11,BH,False
1150,2016-01-11,BH,False
1151,2016-01-11,BH,False
1152,2016-01-11,BH,False
1153,2016-01-11,BH,False
1154,2016-01-11,BH,False
1155,2016-01-11,BH,False
1156,2016-01-11,BH,False
1157,2016-01-11,BH,False
1158,2016-01-11,BH,False
1159,2016-01-11,BH,False
1160,2016-01-12,BH,False
1161,2016-01-12,BH,False
1162,2016-01-12,BH,False
1163,2016-01-12,BH,False
1164,2016-01-12,BH,False
1165,2016-01-12,BH,False
1166,2016-01-12,BH,False
1167,2016-01-12,BH,False
1168,2016-01-12,BH,False
1169,2016-01-12,BH,False
1170,2016-01-12,BH,False
1171,2016-01-12,BH,False
1172,2016-01-12,BH,False
1173,2016-01-12,BH,False
1174,2016-01-12,BH,False
1175,2016-01-12,BH,False
1176,2016-01-12,BH,False
1177,2016-01-13,BH,False
1178,2016-01-13,BH,False
1179,2016-01-13,BH,False
1180,2016-01-13,BH,False
1181,2016-01-13,BH,False
1182,2016-01-13,BH,False
1183,2016-01-13,BH,False
1184,2016-01-13,BH,False
1185,2016-01-13,BH,False
1186,2016-01-13,BH,False
1187,2016-01-13,BH,False
1188,2016-01-13,BH,False
1189,2016-01-13,BH,False
1190,2016-01-13,BH,False
1191,2016-01-13,BH,False
1192,2016-01-13,BH,False
1193,2016-01-13,BH,False
1194,2016-01-14,BH,False
1195,2016-01-14,BH,False
1196,2016-01-14,BH,False
1197,2016-01-14,BH,False
1198,2016-01-14,BH,False
1199,2016-01-14,BH,False
1200,2016-01-14,BH,False
1201,2016-01-14,BH,False
1202,2016-01-14,BH,False
1203,2016-01-14,BH,False
1204,2016-01-14,BH,False
1205,2016-01-14,BH,False
1206,2016-01-14,BH,False
1207,2016-01-14,BH,False
1208,2016-01-14,BH,False
1209,2016-01-14,BH,False
1210,2016-01-14,BH,False
1211,2016-01-15,BH,False
1212,2016-01-15,BH,False
1213,2016-01-15,BH,False
1214,2016-01-15,BH,False
1215,2016-01-15,BH,False
1216,2016-01-15,BH,False
1217,2016-01-15,BH,False
1218,2016-01-15,BH,False
1219,2016-01-15,BH,False
1220,2016-01-15,BH,False
1221,2016-01-15,BH,False
1222,2016-01-15,BH,False
1223,2016-01-15,BH,False
1224,2016-01-15,BH,False
1225,2016-01-15,BH,False
1226,2016-01-15,BH,False
1227,2016-01-15,BH,False
1228,2016-01-19,BH,False
1229,2016-01-19,BH,False
1230,2016-01-19,BH,False
1231,2016-01-19,BH,False
1232,2016-01-19,BH,False
1233,2016-01-19,BH,False
1234,2016-01-19,BH,False
1235,2016-01-19,BH,False
1236,2016-01-19,BH,False
1237,2016-01-19,BH,False
1238,2016-01-19,BH,False
1239,2016-01-19,BH,False
1240,2016-01-19,BH,False
1241,2016-01-19,BH,False
1242,2016-01-19,BH,False
1243,2016-01-19,BH,False
1244,2016-01-19,BH,False
1245,2016-01-20,BH,False
1246,2016-01-20,BH,False
1247,2016-01-20,BH,False
1248,2016-01-20,BH,False
1249,2016-01-20,BH,False
1250,2016-01-20,BH,False
1251,2016-01-20,BH,False
1252,2016-01-20,BH,False
1253,2016-01-20,BH,False
1254,2016-01-20,BH,False
1255,2016-01-20,BH,False
1256,2016-01-20,BH,False
1257,2016-01-20,BH,False
1258,2016-01-20,BH,False
1259,2016-01-20,BH,False
1260,2016-01-20,BH,False
1261,2016-01-20,BH,False
1262,2016-01-21,BH,False
1263,2016-01-21,BH,False
1264,2016-01-21,BH,False
1265,2016-01-21,BH,False
1266,2016-01-21,BH,False
1267,2016-01-21,BH,False
1268,2016-01-21,BH,False
1269,2016-01-21,BH,False
1270,2016-01-21,BH,False
1271,2016-01-21,BH,False
1272,2016-01-21,BH,False
1273,2016-01-21,BH,False
1274,2016-01-21,BH,False
1275,2016-01-21,BH,False
1276,2016-01-21,BH,False
1277,2016-01-21,BH,False
1278,2016-01-21,BH,False
1279,2016-01-22,BH,False
1280,2016-01-22,BH,False
1281,2016-01-22,BH,False
1282,2016-01-22,BH,False
1283,2016-01-22,BH,False
1284,2016-01-22,BH,False
1285,2016-01-22,BH,False
1286,2016-01-22,BH,False
1287,2016-01-22,BH,False
1288,2016-01-22,BH,False
1289,2016-01-22,BH,False
1290,2016-01-22,BH,False
1291,2016-01-22,BH,False
1292,2016-01-22,BH,False
1293,2016-01-22,BH,False
1294,2016-01-22,BH,False
1295,2016-01-22,BH,False
1296,2016-01-25,BH,False
1297,2016-01-25,BH,False
1298,2016-01-25,BH,False
1299,2016-01-25,BH,False
1300,2016-01-25,BH,False
1301,2016-01-25,BH,False
1302,2016-01-25,BH,False
1303,2016-01-25,BH,False
1304,2016-01-25,BH,False
1305,2016-01-25,BH,False
1306,2016-01-25,BH,False
1307,2016-01-25,BH,False
1308,2016-01-25,BH,False
1309,2016-01-25,BH,False
1310,2016-01-25,BH,False
1311,2016-01-25,BH,False
1312,2016-01-25,BH,False
1313,2016-01-26,BH,False
1314,2016-01-26,BH,False
1315,2016-01-26,BH,False
1316,2016-01-26,BH,False
1317,2016-01-26,BH,False
1318,2016-01-26,BH,False
1319,2016-01-26,BH,False
1320,2016-01-26,BH,False
1321,2016-01-26,BH,False
1322,2016-01-26,BH,False
1323,2016-01-26,BH,False
1324,2016-01-26,BH,False
1325,2016-01-26,BH,False
1326,2016-01-26,BH,False
1327,2016-01-26,BH,False
1328,2016-01-26,BH,False
1329,2016-01-26,BH,False
1330,2016-01-27,BH,False
1331,2016-01-27,BH,False
1332,2016-01-27,BH,False
1333,2016-01-27,BH,False
1334,2016-01-27,BH,False
1335,2016-01-27,BH,False
1336,2016-01-27,BH,False
1337,2016-01-27,BH,False
1338,2016-01-27,BH,False
1339,2016-01-27,BH,False
1340,2016-01-27,BH,False
1341,2016-01-27,BH,False
1342,2016-01-27,BH,False
1343,2016-01-27,BH,False
1344,2016-01-27,BH,False
1345,2016-01-27,BH,False
1346,2016-01-27,BH,False
1347,2016-01-28,BH,False
1348,2016-01-28,BH,False
1349,2016-01-28,BH,False
1350,2016-01-28,BH,False
1351,2016-01-28,BH,False
1352,2016-01-28,BH,False
1353,2016-01-28,BH,False
1354,2016-01-28,BH,False
1355,2016-01-28,BH,False
1356,2016-01-28,BH,False
1357,2016-01-28,BH,False
1358,2016-01-28,BH,False
1359,2016-01-28,BH,False
1360,2016-01-28,BH,False
1361,2016-01-28,BH,False
1362,2016-01-28,BH,False
1363,2016-01-28,BH,False
1364,2016-01-29,BH,False
1365,2016-01-29,BH,False
1366,2016-01-29,BH,False
1367,2016-01-29,BH,False
1368,2016-01-29,BH,False
1369,2016-01-29,BH,False
1370,2016-01-29,BH,False
1371,2016-01-29,BH,False
1372,2016-01-29,BH,False
1373,2016-01-29,BH,False
1374,2016-01-29,BH,False
1375,2016-01-29,BH,False
1376,2016-01-29,BH,False
1377,2016-01-29,BH,False
1378,2016-01-29,BH,False
1379,2016-01-29,BH,False
1380,2016-01-29,BH,False
1381,2016-02-01,BH,False
1382,2016-02-01,BH,False
1383,2016-02-01,BH,False
1384,2016-02-01,BH,False
1385,2016-02-01,BH,False
1386,2016-02-01,BH,False
1387,2016-02-01,BH,False
1388,2016-02-01,BH,False
1389,2016-02-01,BH,False
1390,2016-02-01,BH,False
1391,2016-02-01,BH,False
1392,2016-02-01,BH,False
1393,2016-02-01,BH,False
1394,2016-02-01,BH,False
1395,2016-02-01,BH,False
1396,2016-02-01,BH,False
1397,2016-02-01,BH,False
1398,2016-02-02,BH,False
1399,2016-02-02,BH,False
1400,2016-02-02,BH,False
1401,2016-02-02,BH,False
1402,2016-02-02,BH,False
1403,2016-02-02,BH,False
1404,2016-02-02,BH,False
1405,2016-02-02,BH,False
1406,2016-02-02,BH,False
1407,2016-02-02,BH,False
1408,2016-02-02,BH,False
1409,2016-02-02,BH,False
1410,2016-02-02,BH,False
1411,2016-02-02,BH,False
1412,2016-02-02,BH,False
1413,2016-02-02,BH,False
1414,2016-02-02,BH,False
1415,2016-02-03,BH,False
1416,2016-02-03,BH,False
1417,2016-02-03,BH,False
1418,2016-02-03,BH,False
1419,2016-02-03,BH,False
1420,2016-02-03,BH,False
1421,2016-02-03,BH,False
1422,2016-02-03,BH,False
1423,2016-02-03,BH,False
1424,2016-02-03,BH,False
1425,2016-02-03,BH,False
1426,2016-02-03,BH,False
1427,2016-02-03,BH,False
1428,2016-02-03,BH,False
1429,2016-02-03,BH,False
1430,2016-02-03,BH,False
1431,2016-02-03,BH,False
1432,2016-02-04,BH,False
1433,2016-02-04,BH,False
1434,2016-02-04,BH,False
1435,2016-02-04,BH,False
1436,2016-02-04,BH,False
1437,2016-02-04,BH,False
1438,2016-02-04,BH,False
1439,2016-02-04,BH,False
1440,2016-02-04,BH,False
1441,2016-02-04,BH,False
1442,2016-02-04,BH,False
1443,2016-02-04,BH,False
1444,2016-02-04,BH,False
1445,2016-02-04,BH,False
1446,2016-02-04,BH,False
1447,2016-02-04,BH,False
1448,2016-02-04,BH,False
1449,2016-02-05,BH,False
1450,2016-02-05,BH,False
1451,2016-02-05,BH,False
1452,2016-02-05,BH,False
1453,2016-02-05,BH,False
1454,2016-02-05,BH,False
1455,2016-02-05,BH,False
1456,2016-02-05,BH,False
1457,2016-02-05,BH,False
1458,2016-02-05,BH,False
1459,2016-02-05,BH,False
1460,2016-02-05,BH,False
1461,2016-02-05,BH,False
1462,2016-02-05,BH,False
1463,2016-02-05,BH,False
1464,2016-02-05,BH,False
1465,2016-02-05,BH,False
1466,2016-02-08,BH,False
1467,2016-02-08,BH,False
1468,2016-02-08,BH,False
1469,2016-02-08,BH,False
1470,2016-02-08,BH,False
1471,2016-02-08,BH,False
1472,2016-02-08,BH,False
1473,2016-02-08,BH,False
1474,2016-02-08,BH,False
1475,2016-02-08,BH,False
1476,2016-02-08,BH,False
1477,2016-02-08,BH,False
1478,2016-02-08,BH,False
1479,2016-02-08,BH,False
1480,2016-02-08,BH,False
1481,2016-02-08,BH,False
1482,2016-02-08,BH,False
1483,2016-02-09,BH,False
1484,2016-02-09,BH,False
1485,2016-02-09,BH,False
1486,2016-02-09,BH,False
1487,2016-02-09,BH,False
1488,2016-02-09,BH,False
1489,2016-02-09,BH,False
1490,2016-02-09,BH,False
1491,2016-02-09,BH,False
1492,2016-02-09,BH,False
1493,2016-02-09,BH,False
1494,2016-02-09,BH,False
1495,2016-02-09,BH,False
1496,2016-02-09,BH,False
1497,2016-02-09,BH,False
1498,2016-02-09,BH,False
1499,2016-02-09,BH,False
1500,2016-02-10,BH,False
1501,2016-02-10,BH,False
1502,2016-02-10,BH,False
1503,2016-02-10,BH,False
1504,2016-02-10,BH,False
1505,2016-02-10,BH,False
1506,2016-02-10,BH,False
1507,2016-02-10,BH,False
1508,2016-02-10,BH,False
1509,2016-02-10,BH,False
1510,2016-02-10,BH,False
1511,2016-02-10,BH,False
1512,2016-02-10,BH,False
1513,2016-02-10,BH,False
1514,2016-02-10,BH,False
1515,2016-02-10,BH,False
1516,2016-02-10,BH,False
1517,2016-02-11,BH,False
1518,2016-02-11,BH,False
1519,2016-02-11,BH,False
1520,2016-02-11,BH,False
1521,2016-02-11,BH,False
1522,2016-02-11,BH,False
1523,2016-02-11,BH,False
1524,2016-02-11,BH,False
1525,2016-02-11,BH,False
1526,2016-02-11,BH,False
1527,2016-02-11,BH,False
1528,2016-02-11,BH,False
1529,2016-02-11,BH,False
1530,2016-02-11,BH,False
1531,2016-02-11,BH,False
1532,2016-02-11,BH,False
1533,2016-02-11,BH,False
1534,2016-02-12,BH,False
1535,2016-02-12,BH,False
1536,2016-02-12,BH,False
1537,2016-02-12,BH,False
1538,2016-02-12,BH,False
1539,2016-02-12,BH,False
1540,2016-02-12,BH,False
1541,2016-02-12,BH,False
1542,2016-02-12,BH,False
1543,2016-02-12,BH,False
1544,2016-02-12,BH,False
1545,2016-02-12,BH,False
1546,2016-02-12,BH,False
1547,2016-02-12,BH,False
1548,2016-02-12,BH,False
1549,2016-02-12,BH,False
1550,2016-02-12,BH,False
1551,2016-02-16,BH,False
1552,2016-02-16,BH,False
1553,2016-02-16,BH,False
1554,2016-02-16,BH,False
1555,2016-02-16,BH,False
1556,2016-02-16,BH,False
1557,2016-02-16,BH,False
1558,2016-02-16,BH,False
1559,2016-02-16,BH,False
1560,2016-02-16,BH,False
1561,2016-02-16,BH,False
1562,2016-02-16,BH,False
1563,2016-02-16,BH,False
1564,2016-02-16,BH,False
1565,2016-02-16,BH,False
1566,2016-02-16,BH,False
1567,2016-02-16,BH,False
1568,2016-02-17,BH,False
1569,2016-02-17,BH,False
1570,2016-02-17,BH,False
1571,2016-02-17,BH,False
1572,2016-02-17,BH,False
1573,2016-02-17,BH,False
1574,2016-02-17,BH,False
1575,2016-02-17,BH,False
1576,2016-02-17,BH,False
1577,2016-02-17,BH,False
1578,2016-02-17,BH,False
1579,2016-02-17,BH,False
1580,2016-02-17,BH,False
1581,2016-02-17,BH,False
1582,2016-02-17,BH,False
1583,2016-02-17,BH,False
1584,2016-02-17,BH,False
1585,2016-02-18,BH,False
1586,2016-02-18,BH,False
1587,2016-02-18,BH,False
1588,2016-02-18,BH,False
1589,2016-02-18,BH,False
1590,2016-02-18,BH,False
1591,2016-02-18,BH,False
1592,2016-02-18,BH,False
1593,2016-02-18,BH,False
1594,2016-02-18,BH,False
1595,2016-02-18,BH,False
1596,2016-02-18,BH,False
1597,2016-02-18,BH,False
1598,2016-02-18,BH,False
1599,2016-02-18,BH,False
1600,2016-02-18,BH,False
1601,2016-02-18,BH,False
1602,2016-02-19,BH,False
1603,2016-02-19,BH,False
1604,2016-02-19,BH,False
1605,2016-02-19,BH,False
1606,2016-02-19,BH,False
1607,2016-02-19,BH,False
1608,2016-02-19,BH,False
1609,2016-02-19,BH,False
1610,2016-02-19,BH,False
1611,2016-02-19,BH,False
1612,2016-02-19,BH,False
1613,2016-02-19,BH,False
1614,2016-02-19,BH,False
1615,2016-02-19,BH,False
1616,2016-02-19,BH,False
1617,2016-02-19,BH,False
1618,2016-02-19,BH,False
1619,2016-02-22,BH,False
1620,2016-02-22,BH,False
1621,2016-02-22,BH,False
1622,2016-02-22,BH,False
1623,2016-02-22,BH,False
1624,2016-02-22,BH,False
1625,2016-02-22,BH,False
1626,2016-02-22,BH,False
1627,2016-02-22,BH,False
1628,2016-02-22,BH,False
1629,2016-02-22,BH,False
1630,2016-02-22,BH,False
1631,2016-02-22,BH,False
1632,2016-02-22,BH,False
1633,2016-02-22,BH,False
1634,2016-02-22,BH,False
1635,2016-02-22,BH,False
1636,2016-02-23,BH,False
1637,2016-02-23,BH,False
1638,2016-02-23,BH,False
1639,2016-02-23,BH,False
1640,2016-02-23,BH,False
1641,2016-02-23,BH,False
1642,2016-02-23,BH,False
1643,2016-02-23,BH,False
1644,2016-02-23,BH,False
1645,2016-02-23,BH,False
1646,2016-02-23,BH,False
1647,2016-02-23,BH,False
1648,2016-02-23,BH,False
1649,2016-02-23,BH,False
1650,2016-02-23,BH,False
1651,2016-02-23,BH,False
1652,2016-02-23,BH,False
1653,2016-02-24,BH,False
1654,2016-02-24,BH,False
1655,2016-02-24,BH,False
1656,2016-02-24,BH,False
1657,2016-02-24,BH,False
1658,2016-02-24,BH,False
1659,2016-02-24,BH,False
1660,2016-02-24,BH,False
1661,2016-02-24,BH,False
1662,2016-02-24,BH,False
1663,2016-02-24,BH,False
1664,2016-02-24,BH,False
1665,2016-02-24,BH,False
1666,2016-02-24,BH,False
1667,2016-02-24,BH,False
1668,2016-02-24,BH,False
1669,2016-02-24,BH,False
1670,2016-02-25,BH,False
1671,2016-02-25,BH,False
1672,2016-02-25,BH,False
1673,2016-02-25,BH,False
1674,2016-02-25,BH,False
1675,2016-02-25,BH,False
1676,2016-02-25,BH,False
1677,2016-02-25,BH,False
1678,2016-02-25,BH,False
1679,2016-02-25,BH,False
1680,2016-02-25,BH,False
1681,2016-02-25,BH,False
1682,2016-02-25,BH,False
1683,2016-02-25,BH,False
1684,2016-02-25,BH,False
1685,2016-02-25,BH,False
1686,2016-02-25,BH,False
1687,2016-02-26,BH,False
1688,2016-02-26,BH,False
1689,2016-02-26,BH,False
1690,2016-02-26,BH,False
1691,2016-02-26,BH,False
1692,2016-02-26,BH,False
1693,2016-02-26,BH,False
1694,2016-02-26,BH,False
1695,2016-02-26,BH,False
1696,2016-02-26,BH,False
1697,2016-02-26,BH,False
1698,2016-02-26,BH,False
1699,2016-02-26,BH,False
1700,2016-02-26,BH,False
1701,2016-02-26,BH,False
1702,2016-02-26,BH,False
1703,2016-02-26,BH,False
1704,2016-02-29,BH,False
1705,2016-02-29,BH,False
1706,2016-02-29,BH,False
1707,2016-02-29,BH,False
1708,2016-02-29,BH,False
1709,2016-02-29,BH,False
1710,2016-02-29,BH,False
1711,2016-02-29,BH,False
1712,2016-02-29,BH,False
1713,2016-02-29,BH,False
1714,2016-02-29,BH,False
1715,2016-02-29,BH,False
1716,2016-02-29,BH,False
1717,2016-02-29,BH,False
1718,2016-02-29,BH,False
1719,2016-02-29,BH,False
1720,2016-02-29,BH,False
1721,2016-03-01,BH,False
1722,2016-03-01,BH,False
1723,2016-03-01,BH,False
1724,2016-03-01,BH,False
1725,2016-03-01,BH,False
1726,2016-03-01,BH,False
1727,2016-03-01,BH,False
1728,2016-03-01,BH,False
1729,2016-03-01,BH,False
1730,2016-03-01,BH,False
1731,2016-03-01,BH,False
1732,2016-03-01,BH,False
1733,2016-03-01,BH,False
1734,2016-03-01,BH,False
1735,2016-03-01,BH,False
1736,2016-03-01,BH,False
1737,2016-03-01,BH,False
1738,2016-03-02,BH,False
1739,2016-03-02,BH,False
1740,2016-03-02,BH,False
1741,2016-03-02,BH,False
1742,2016-03-02,BH,False
1743,2016-03-02,BH,False
1744,2016-03-02,BH,False
1745,2016-03-02,BH,False
1746,2016-03-02,BH,False
1747,2016-03-02,BH,False
1748,2016-03-02,BH,False
1749,2016-03-02,BH,False
1750,2016-03-02,BH,False
1751,2016-03-02,BH,False
1752,2016-03-02,BH,False
1753,2016-03-02,BH,False
1754,2016-03-02,BH,False
1755,2016-03-03,BH,False
1756,2016-03-03,BH,False
1757,2016-03-03,BH,False
1758,2016-03-03,BH,False
1759,2016-03-03,BH,False
1760,2016-03-03,BH,False
1761,2016-03-03,BH,False
1762,2016-03-03,BH,False
1763,2016-03-03,BH,False
1764,2016-03-03,BH,False
1765,2016-03-03,BH,False
1766,2023-01-04,BH,False
1767,2023-01-04,BH,False
1768,2023-01-04,BH,False
1769,2023-01-04,BH,False
1770,2023-01-05,BH,False
1771,2023-01-05,BH,False
1772,2023-01-05,BH,False
1773,2023-01-05,BH,False
1774,2023-01-05,BH,False
1775,2023-01-05,BH,False
1776,2023-01-05,BH,False
1777,2023-01-05,BH,False
1778,2023-01-05,BH,False
1779,2023-01-05,BH,False
1780,2023-01-05,BH,False
1781,2023-01-05,BH,False
1782,2023-01-05,BH,False
1783,2023-01-05,BH,False
1784,2023-01-05,BH,False
1785,2023-01-05,BH,False
1786,2023-01-05,BH,False
1787,2023-01-06,BH,False
1788,2023-01-06,BH,False
1789,2023-01-06,BH,False
1790,2023-01-06,BH,False
1791,2023-01-06,BH,False
1792,2023-01-06,BH,False
1793,2023-01-06,BH,False
1794,2023-01-06,BH,False
1795,2023-01-06,BH,False
1796,2023-01-06,BH,False
1797,2023-01-06,BH,False
1798,2023-01-06,BH,False
1799,2023-01-06,BH,False
1800,2023-01-06,BH,False
1801,2023-01-06,BH,False
1802,2023-01-06,BH,False
1803,2023-01-06,BH,False
1804,2023-01-09,BH,False
1805,2023-01-09,BH,False
1806,2023-01-09,BH,False
1807,2023-01-09,BH,False
1808,2023-01-09,BH,False
1809,2023-01-09,BH,False
1810,2023-01-09,BH,False
1811,2023-01-09,BH,False
1812,2023-01-09,BH,False
1813,2023-01-09,BH,False
1814,2023-01-09,BH,False
1815,2023-01-09,BH,False
1816,2023-01-09,BH,False
1817,2023-01-09,BH,False
1818,2023-01-09,BH,False
1819,2023-01-09,BH,False
1820,2023-01-09,BH,False
1821,2023-01-10,BH,False
1822,2023-01-10,BH,False
1823,2023-01-10,BH,False
1824,2023-01-10,BH,False
1825,2023-01-10,BH,False
1826,2023-01-10,BH,False
1827,2023-01-10,BH,False
1828,2023-01-10,BH,False
1829,2023-01-10,BH,False
1830,2023-01-10,BH,False
1831,2023-01-10,BH,False
1832,2023-01-10,BH,False
1833,2023-01-10,BH,False
1834,2023-01-10,BH,False
1835,2023-01-10,BH,False
1836,2023-01-10,BH,False
1837,2023-01-10,BH,False
1838,2023-01-11,BH,False
1839,2023-01-11,BH,False
1840,2023-01-11,BH,False
1841,2023-01-11,BH,False
1842,2023-01-11,BH,False
1843,2023-01-11,BH,False
1844,2023-01-11,BH,False
1845,2023-01-11,BH,False
1846,2023-01-11,BH,False
1847,2023-01-11,BH,False
1848,2023-01-11,BH,False
1849,2023-01-11,BH,False
1850,2023-01-11,BH,False
1851,2023-01-11,BH,False
1852,2023-01-11,BH,False
1853,2023-01-11,BH,False
1854,2023-01-11,BH,False
1855,2023-01-12,BH,False
1856,2023-01-12,BH,False
1857,2023-01-12,BH,False
1858,2023-01-12,BH,False
1859,2023-01-12,BH,False
1860,2023-01-12,BH,False
1861,2023-01-12,BH,False
1862,2023-01-12,BH,False
1863,2023-01-12,BH,False
1864,2023-01-12,BH,False
1865,2023-01-12,BH,False
1866,2023-01-12,BH,False
1867,2023-01-12,BH,False
1868,2023-01-12,BH,False
1869,2023-01-12,BH,False
1870,2023-01-12,BH,False
1871,2023-01-12,BH,False
1872,2023-01-13,BH,False
1873,2023-01-13,BH,False
1874,2023-01-13,BH,False
1875,2023-01-13,BH,False
1876,2023-01-13,BH,False
1877,2023-01-13,BH,False
1878,2023-01-13,BH,False
1879,2023-01-13,BH,False
1880,2023-01-13,BH,False
1881,2023-01-13,BH,False
1882,2023-01-13,BH,False
1883,2023-01-13,BH,False
1884,2023-01-13,BH,False
1885,2023-01-13,BH,False
1886,2023-01-13,BH,False
1887,2023-01-13,BH,False
1888,2023-01-13,BH,False
1889,2023-01-17,BH,False
1890,2023-01-17,BH,False
1891,2023-01-17,BH,False
1892,2023-01-17,BH,False
1893,2023-01-17,BH,False
1894,2023-01-17,BH,False
1895,2023-01-17,BH,False
1896,2023-01-17,BH,False
1897,2023-01-17,BH,False
1898,2023-01-17,BH,False
1899,2023-01-17,BH,False
1900,2023-01-17,BH,False
1901,2023-01-17,BH,False
1902,2023-01-17,BH,False
1903,2023-01-17,BH,False
1904,2023-01-17,BH,False
1905,2023-01-17,BH,False
1906,2023-01-18,BH,False
1907,2023-01-18,BH,False
1908,2023-01-18,BH,False
1909,2023-01-18,BH,False
1910,2023-01-18,BH,False
1911,2023-01-18,BH,False
1912,2023-01-18,BH,False
1913,2023-01-18,BH,False
1914,2023-01-18,BH,False
1915,2023-01-18,BH,False
1916,2023-01-18,BH,False
1917,2023-01-18,BH,False
1918,2023-01-18,BH,False
1919,2023-01-18,BH,False
1920,2023-01-18,BH,False
1921,2023-01-18,BH,False
1922,2023-01-18,BH,False
1923,2023-01-19,BH,False
1924,2023-01-19,BH,False
1925,2023-01-19,BH,False
1926,2023-01-19,BH,False
1927,2023-01-19,BH,False
1928,2023-01-19,BH,False
1929,2023-01-19,BH,False
1930,2023-01-19,BH,False
1931,2023-01-19,BH,False
1932,2023-01-19,BH,False
1933,2023-01-19,BH,False
1934,2023-01-19,BH,False
1935,2023-01-19,BH,False
1936,2023-01-19,BH,False
1937,2023-01-19,BH,False
1938,2023-01-19,BH,False
1939,2023-01-19,BH,False
1940,2023-01-20,BH,False
1941,2023-01-20,BH,False
1942,2023-01-20,BH,False
1943,2023-01-20,BH,False
1944,2023-01-20,BH,False
1945,2023-01-20,BH,False
1946,2023-01-20,BH,False
1947,2023-01-20,BH,False
1948,2023-01-20,BH,False
1949,2023-01-20,BH,False
1950,2023-01-20,BH,False
1951,2023-01-20,BH,False
1952,2023-01-20,BH,False
1953,2023-01-20,BH,False
1954,2023-01-20,BH,False
1955,2023-01-20,BH,False
1956,2023-01-20,BH,False
1957,2023-01-23,BH,False
1958,2023-01-23,BH,False
1959,2023-01-23,BH,False
1960,2023-01-23,BH,False
1961,2023-01-23,BH,False
1962,2023-01-23,BH,False
1963,2023-01-23,BH,False
1964,2023-01-23,BH,False
1965,2023-01-23,BH,False
1966,2023-01-23,BH,False
1967,2023-01-23,BH,False
1968,2023-01-23,BH,False
1969,2023-01-23,BH,False
1970,2023-01-23,BH,False
1971,2023-01-23,BH,False
1972,2023-01-23,BH,False
1973,2023-01-23,BH,False
1974,2023-01-24,BH,False
1975,2023-01-24,BH,False
1976,2023-01-24,BH,False
1977,2023-01-24,BH,False
1978,2023-01-24,BH,False
1979,2023-01-24,BH,False
1980,2023-01-24,BH,False
1981,2023-01-24,BH,False
1982,2023-01-24,BH,False
1983,2023-01-24,BH,False
1984,2023-01-24,BH,False
1985,2023-01-24,BH,False
1986,2023-01-24,BH,False
1987,2023-01-24,BH,False
1988,2023-01-24,BH,False
1989,2023-01-24,BH,False
1990,2023-01-24,BH,False
1991,2023-01-25,BH,False
1992,2023-01-25,BH,False
1993,2023-01-25,BH,False
1994,2023-01-25,BH,False
1995,2023-01-25,BH,False
1996,2023-01-25,BH,False
1997,2023-01-25,BH,False
1998,2023-01-25,BH,False
1999,2023-01-25,BH,False
2000,2023-01-25,BH,False
2001,2023-01-25,BH,False
2002,2023-01-25,BH,False
2003,2023-01-25,BH,False
2004,2023-01-25,BH,False
2005,2023-01-25,BH,False
2006,2023-01-25,BH,False
2007,2023-01-25,BH,False
2008,2023-01-26,BH,False
2009,2023-01-26,BH,False
2010,2023-01-26,BH,False
2011,2023-01-26,BH,False
2012,2023-01-26,BH,False
2013,2023-01-26,BH,False
2014,2023-01-26,BH,False
2015,2023-01-26,BH,False
2016,2023-01-26,BH,False
2017,2023-01-26,BH,False
2018,2023-01-26,BH,False
2019,2023-01-26,BH,False
2020,2023-01-26,BH,False
2021,2023-01-26,BH,False
2022,2023-01-26,BH,False
2023,2023-01-26,BH,False
2024,2023-01-26,BH,False
2025,2023-01-27,BH,False
2026,2023-01-27,BH,False
2027,2023-01-27,BH,False
2028,2023-01-27,BH,False
2029,2023-01-27,BH,False
2030,2023-01-27,BH,False
2031,2023-01-27,BH,False
2032,2023-01-27,BH,False
2033,2023-01-27,BH,False
2034,2023-01-27,BH,False
2035,2023-01-27,BH,False
2036,2023-01-27,BH,False
2037,2023-01-27,BH,False
2038,2023-01-27,BH,False
2039,2023-01-27,BH,False
2040,2023-01-27,BH,False
2041,2023-01-27,BH,False
2042,2023-01-30,BH,False
2043,2023-01-30,BH,False
2044,2023-01-30,BH,False
2045,2023-01-30,BH,False
2046,2023-01-30,BH,False
2047,2023-01-30,BH,False
2048,2023-01-30,BH,False
2049,2023-01-30,BH,False
2050,2023-01-30,BH,False
2051,2023-01-30,BH,False
2052,2023-01-30,BH,False
2053,2023-01-30,BH,False
2054,2023-01-30,BH,False
2055,2023-01-30,BH,False
2056,2023-01-30,BH,False
2057,2023-01-30,BH,False
2058,2023-01-30,BH,False
2059,2023-01-31,BH,False
2060,2023-01-31,BH,False
2061,2023-01-31,BH,False
2062,2023-01-31,BH,False
2063,2023-01-31,BH,False
2064,2023-01-31,BH,False
2065,2023-01-31,BH,False
2066,2023-01-31,BH,False
2067,2023-01-31,BH,False
2068,2023-01-31,BH,False
2069,2023-01-31,BH,False
2070,2023-01-31,BH,False
2071,2023-01-31,BH,False
2072,2023-01-31,BH,False
2073,2023-01-31,BH,False
2074,2023-01-31,BH,False
2075,2023-01-31,BH,False
2076,2023-02-01,BH,False
2077,2023-02-01,BH,False
2078,2023-02-01,BH,False
2079,2023-02-01,BH,False
2080,2023-02-01,BH,False
2081,2023-02-01,BH,False
2082,2023-02-01,BH,False
2083,2023-02-01,BH,False
2084,2023-02-01,BH,False
2085,2023-02-01,BH,False
2086,2023-02-01,BH,False
2087,2023-02-01,BH,False
2088,2023-02-01,BH,False
2089,2023-02-01,BH,False
2090,2023-02-01,BH,False
2091,2023-02-01,BH,False
2092,2023-02-01,BH,False
2093,2023-02-02,BH,False
2094,2023-02-02,BH,False
2095,2023-02-02,BH,False
2096,2023-02-02,BH,False
2097,2023-02-02,BH,False
2098,2023-02-02,BH,False
2099,2023-02-02,BH,False
2100,2023-02-02,BH,False
2101,2023-02-02,BH,False
2102,2023-02-02,BH,False
2103,2023-02-02,BH,False
2104,2023-02-02,BH,False
2105,2023-02-02,BH,False
2106,2023-02-02,BH,False
2107,2023-02-02,BH,False
2108,2023-02-02,BH,False
2109,2023-02-02,BH,False
2110,2023-02-03,BH,False
2111,2023-02-03,BH,False
2112,2023-02-03,BH,False
2113,2023-02-03,BH,False
2114,2023-02-03,BH,False
2115,2023-02-03,BH,False
2116,2023-02-03,BH,False
2117,2023-02-03,BH,False
2118,2023-02-03,BH,False
2119,2023-02-03,BH,False
2120,2023-02-03,BH,False
2121,2023-02-03,BH,False
2122,2023-02-03,BH,False
2123,2023-02-03,BH,False
2124,2023-02-03,BH,False
2125,2023-02-03,BH,False
2126,2023-02-03,BH,False
2127,2023-02-06,BH,False
2128,2023-02-06,BH,False
2129,2023-02-06,BH,False
2130,2023-02-06,BH,False
2131,2023-02-06,BH,False
2132,2023-02-06,BH,False
2133,2023-02-06,BH,False
2134,2023-02-06,BH,False
2135,2023-02-06,BH,False
